Food Name and Description,Protein,Total Fat,Carbohydrates
,,,
Corn grits white,8.3,1.5,77.5
Corn grits yellow,7.7,0.8,78.1
Corn on cob white,4.4,0.8,30.9
Corn on cob yellow,4.4,1.5,35.4
Corn on cob yellow boiled,3.3,1.2,35.7
Cornmeal white,7.6,0.6,79.2
Cornmeal yellow,8.5,3.2,77
Job's tears grain,13.1,2.5,73.3
Millet glutinous,10.3,2.5,72.3
Rice bran,7.8,5,59.9
Rice glutinous parboiled flattened,4.3,1,78.5
Rice milled glutinous,6.9,0.8,80.1
Rice milled glutinous milled w/ water,4.4,0.1,47.9
Rice undermilled,8.1,2.8,76.3
Rice undermilled glutinous purple,8.7,2,76.3
Rice undermilled glutinous purple boiled,2.4,0.4,27.8
Rice undermilled red,7.5,0.9,80
Rice well-milled,7.4,0.5,80.4
Rice well-milled boiled,2.1,0.2,29.7
Rice well-milled fried,2.6,4,35.2
Rice-corn mixture (1:1),7.5,1,81.8
Rice-corn mixture (1:1) boiled,2.2,0.3,21
Sorghum,9.5,3.9,77.1
Sorghum boiled,3.5,1,31.7
Ampaw pinipig,3.1,1.6,91.3
Ampaw rice,4.5,2.1,87.1
Bicho-bicho,7.4,14,55.2
Biscuit cocohoney,7,14.7,73.2
Bread w/ margarine & sugar filling,9.3,12.4,55.5
Bread brown,12.1,0.9,64.1
Bread cheese roll,10.1,13.5,45.1
Bread cinnamon roll,9.1,13.1,58.1
Bread hotdog roll,10.2,3.8,61.3
Bread toasted w/ margarine-sugar topping,9.3,7.4,77.1
Bread mung bean loaf,13.5,8.3,55.8
Bread pan de bonete,12.3,4.4,60
Bread pan de coco,9.2,7.6,60.9
Bread pan de leche,10.5,3,63.5
Bread pan de limon,10.6,3.9,60.9
Bread pan de monay,10.6,3.4,61.3
Bread pan de sal,10.1,4.2,62.9
Bread raisin,9.4,4.6,53.9
Bread rye,12.1,3.5,56
Bread sweet roll,8.6,5,61.6
Bread sweet roll w/ mung bean filling,9.6,2.1,62.5
Bread toasted,11.2,5.3,64.2
Bread white loaf,9.7,5.1,61.1
Bunuelos,9.5,34.8,36.4
Cake angel food,7.2,0.3,57.7
Cake banana,5.4,13.4,47.2
Cake butter,2.8,20.4,51
Cake cheese cupcake,5.6,16.4,60
Cake chiffon,7.2,11.6,49.8
Cake chocolate,5.6,12.6,59.3
Cake cream-filled roll,9.2,16.3,45.6
Cake fruit,5,14.6,53.4
Cake jelly roll,5.3,2.8,69.9
Cake kababayan,6.3,9.9,61.6
Cake mamon,5.4,10.7,62.6
Cake mamon toasted,10.4,6.7,78.5
Cake marshmallow roll,6.5,5.1,66.4
Cake mocha roll,6.7,9,61.2
Cake pineapple roll,3.5,2.5,54.5
Cake sponge,8.2,5.3,56.3
Chips cheese flvr,7.2,24.1,60.7
Chips corn bbq flvr,6.5,30.7,58.1
Chips corn nacho cheese flvr,7.5,30,57.1
Chips corn natural flvr,5.9,29.1,60.3
Chips corn-potato based cheese flvr,3.1,33.4,56.8
Chips corn taco & bbq flvr,4.2,29,62.4
Chips corn taco flvr,6.8,27.4,60.2
Chips fish crackers,5,16.6,71.7
Chips fish kroepeck,4,27,60.8
Chips prawn crackers,6.8,13.1,74.2
Chips prawn crackers flvrd,3.9,33,57.7
Chips shrimp crackers,6,18.4,68.1
Chips shrimp kroepeck,7.3,24.4,61.1
Chips squid crackers,7.4,12.4,73.1
Chips sticks onion flvr,5.4,27.2,62
Chips tortilla bbq flvr,7.2,23.3,62.7
Chips tortilla nacho cheese flvr,7.4,23.2,64.4
Cookies apas,5.4,0.5,90.4
Cookies arrowroot,1.1,8.5,83.9
Cookies assorted,6.2,11.3,78.9
Cookies brownies,7.4,16.8,59.1
Cookies butter,8.3,24.1,64.5
Cookies camachili,7.8,12.2,75.6
Cookies gem,11,9.7,73.6
Cookies jacobina special,7,13.3,75.4
Cookies lady finger,8.6,6.5,73.7
Cookies marie,8.1,8.9,77.1
Cookies ogoy-ogoy,8.3,11.8,75.3
Cookies otap,10.1,14.3,73.3
Cookies pasencia,6.9,3.3,84.9
Cookies pili nut,6.6,28.3,62.6
Cookies pilipit,6.7,17,72.6
Cookies polvoron,5.2,19.2,71
Cookies sandwich type choc-filled,5.7,24.9,67.1
Cookies sandwich type cream-filled,5.9,18,71.7
Cookies vanilla wafer choc-coated,5.4,24.2,67.7
Cookies wafer,4.6,22.9,70
Corn flakes enr,8.2,0.6,87.2
Corn pudding,1.3,1.1,33.4
Corn pudding w/ grtd coconut topping,1,1.4,42.6
Corn pudding maja yellow,1.1,1.3,27.6
Corn pudding maja yellow w/ grtd coconut topping,1.8,1.3,32.9
Corn fried seasoned,8.5,21.8,63.2
Corn whole kernel cnd,1.3,0.4,15.4
Cornstarch,0.3,0.3,91.5
Cracker egg,15,8.1,72.3
Cracker graham honey-flvr,8,8.1,79.5
Cracker plain,7.5,19.7,68.7
Cracker salted,9.6,19.9,65.5
Cracker salted round,7.2,24.7,63.4
Cream puff,5.4,7.5,50.9
Curls bbq flvr,7.8,15.5,71.1
Curls cheese flvr,7.6,15.4,69.5
Curls prawn flvr,7.2,20.2,68
Curls shrimp flvr,6.6,9,77.9
Doughnut fried w/ sugar,7.5,22.7,49.2
Gurgurya,6.7,26.5,62.4
Hominy,3,1.4,25.4
Hopyang baboy,5,13.1,69.1
Hopyang Hapon,8.7,5.7,66.4
Hopyang munggo,6.5,12,62.3
Karyoka,4.2,12.1,58.2
Lohuwa peanut,16.9,25.6,50.6
Lohuwa rice,3.4,8.4,81.4
Lohuwa sesame seed,10.7,19.1,64.5
Noodles mung bean starch,0.2,0.2,85.5
Noodles mung bean starch boiled,0,0.1,19.3
Noodles rice fideos,9.6,0.4,78.7
Noodles rice,2.7,0.5,84.5
Noodles rice boiled,0.5,0.6,26.9
Noodles wheat canton dry,12.8,23.2,56.8
Noodles wheat mami fresh,6.8,0.2,10.9
Noodles wheat inst w/ flvr,10.4,18.1,57.1
Noodles wheat inst w/ flvr fortified,9.2,22.3,56.8
Noodles wheat thin,12.2,0.3,73
Noodles wheat thin boiled,0.9,0.1,23.8
Noodles wheat miki dry,12.4,22.4,55.3
Noodles wheat miki dry boiled,1.7,2.9,19.2
Oatmeal instant,10,4.7,77.9
Oats quick-cooking,11.4,9.1,73.8
Oats quick-cooking ckd,1.6,1.1,11
Pancake,8.4,7.6,41.8
Pasta macaroni,14.3,0.2,73.5
Pasta spaghetti,12.4,1.1,75.4
Pasta spaghetti boiled,5.5,0.1,33.3
Popcorn and peanuts sweetn,5.1,12.8,77.8
Popcorn salted,6.7,18.6,69.2
Popcorn sweetn,4,11,81.9
Pretzel choc-coated,8.1,18.6,68.8
Pretzel sweetn,8.5,11.1,76.9
Pudding pineapple,4.7,1.7,58.5
Pudding raisin,8.1,2.9,40.5
Pudding vanilla,6.2,1.5,61.8
Puffs bbq flvr,7.5,14.6,70.9
Puffs cheese flvr,6,26.5,60
Puffs chicken flvr,6.8,13.4,75.2
Puffs spiced,7.4,8.9,77
Rice cake (glutinous) bibingka,2.8,1,59
Rice cake (glutinous) biko,2.2,0.9,58.7
Rice cake (glutinous) biko w/ grtd coconut topping,3.3,1.6,54.7
Rice cake (glutinous) biko w/ purple rice,2.6,0.4,53.2
Rice cake (glutinous) Chinese tikoy,2.5,0.3,59.4
Rice cake (glutinous) Chinese tikoy w/ peanut,6.4,1.8,51.4
Rice cake bibingka,3.6,0.9,52.9
Rice cake bibingka w/ cheese & coconut topping,2.8,2.6,47.2
Rice cake puto bumbong purple,3.5,1.3,56.5
Rice cake puto brown,2,0.1,49.3
Rice cake puto white,2.8,0.3,49.9
Rice cake puto white w/ grtd coconut topping,2.7,1.1,47.1
Rice cake cuchinta,1.4,0.8,38.4
Rice cake cuchinta w/ grtd coconut topping,1.6,3.2,32.4
Rice flour,7.6,0.3,81.3
Rice flour prep tamales,1.3,0.9,21.8
Rice gruel thin,1.4,1.1,13.9
Rice prep (glutinous) butse w/ mung bean filling,6.4,12,48.9
Rice prep (glutinous) butse w/ sweet potato filling,5.6,8.2,53.5
Rice prep (glutinous) kalamay w/ coconut curd topping,2.7,0.4,48.5
Rice prep (glutinous) kalamay w/ yam,2.2,0.3,41.7
Rice prep (glutinous) palitaw,2.6,2.8,42.5
Rice prep (glutinous) palitaw w/ grtd coconut & sugar,2.6,4.5,40.5
Rice prep (glutinous) sapin-sapin,1.1,0.4,30.3
Rice prep (glutinous) suman sa ibos,3.1,0.7,38
Rice prep (glutinous) suman lye-treated,3.2,0.4,43.6
Rice prep (glutinous) suman w/ grtd coconut topping,2.6,2.4,44.8
Rice prep (glutinous) tupig,3.6,2.6,65.6
Rice prep espasol,4,3.6,65.8
Rice water ckd thin,0.1,0.2,3.8
Rice crispies,3,0.6,88.8
Rice-bread prep toasted puto seko,6,1.8,87
Rice-bread prep toasted puto seko w/ grtd coconut,4.4,5.5,83.8
Spring roll wrapper plain,10.6,0.5,67.2
Wheat flour all-purpose,12.6,0.8,73.7
Wheat flour all-purpose enr bleached,11,3.6,75.2
Wheat flour cake flour enr bleached,8.9,1.7,79.7
Instant noodles chicken flvr raw,10.5,17.5,57.3
Instant noodles chicken flvr ckd,1.3,2.1,6
Cassava,0.6,0.2,35.3
Cassava boiled,0.4,0.1,27.1
Cassava yellow,0.7,0.2,37.7
East Indian arrowroot,3.1,0.1,32.6
East Indian arrowroot boiled,3.1,0.2,18.5
Palauan,0.5,0.2,37.3
Potato,2.4,0.1,16.8
Potato boiled,1.7,0.1,13.7
Sweet potato purple,0.6,0.4,29.8
Sweet potato purple boiled,0.6,0.2,29.5
Sweet potato white,0.7,0.5,24.3
Sweet potato white boiled,0.4,0.8,29.3
Sweet potato yellow,1.1,0.4,31.8
Sweet potato yellow boiled,0.5,0.3,30.7
Taro,2.3,0.2,32.6
Taro boiled,1.5,0.1,24.4
White spot arum,3.1,0.2,11.7
Yam Luzon,2.5,0.1,22.1
Yam nami,2.3,0.3,23.3
Yam purple,1.7,0.2,22.2
Yam purple boiled,0.7,0.1,18.2
Yam spiny,1,2.7,28.2
Yam spiny boiled,0.4,1.2,14.1
Yautia,0.8,0.1,29.4
Arrowroot starch,0.1,0.5,86.4
Cassava cake bibingka,0.4,0.3,44.1
Cassava flour,1.1,0.7,87.8
Cassava fritter,0.7,10,66.7
Cassava pudding,1.2,0.5,48.4
Cassava mashed w/ sugar & marg,0.4,1.3,42.4
Cassava suman,0.5,1.4,48.9
East Indian arrowroot starch,0.1,0.5,85.8
Potato chips cheese flvr,6.2,36,51.8
Potato French-fried,3.7,16.8,40.5
Tapioca starch ball,0.4,1.1,82.4
Tapioca starch ball boiled,0,0.2,20.3
Sweet potato w/ sugar fried,1.1,6.9,43.1
Yam nami brined,1,0.2,15
Yam nami dried,6.6,0.4,80.3
Yam purple pudding,1.2,0.8,43.8
Yam purple puddingw/ grtd coconut topping,1.7,1.2,43.4
Yacon tuber raw,0.4,0.1,8.1
Sweet potato orange,1.1,0.3,28.4
Cashew nut roasted,19.2,47.4,24.8
Chestnut roasted,5,1.2,56.4
Chickpea dried,19.2,6.2,61.2
Chickpea dried boiled,5.7,2,39.2
Coconut meat mature,3.9,26.1,17.2
Coconut meat very young,0.8,1.3,6.8
Coconut meat young,1.4,5.3,12.1
Coconut sport,2.4,17.6,14.5
Cowpea seed dried,20.4,1.5,65.8
Davao wonder bean seed dried,23.4,2.7,58.3
Coastal jack-bean seed dried,24.1,2.8,60.7
Coastal jack-bean seed dried boiled,9.6,1.1,30.3
Java olive seed dried,15.4,45,34.1
Kaatoan bangkal seed dried,14.4,0.4,69.5
Kidney bean seed black dried,20.2,1.9,69.1
Kidney bean seed black dried boiled,3.9,0.6,24.1
Kidney bean seed red dried,19.3,1.5,64.2
Kidney bean seed red dried boiled,7.9,0.9,24.6
Kidney bean seed white dried,18.8,1.1,67.1
Kidney bean seed white dried boiled,6.5,0.7,27.3
Lima bean seed dried,19.8,1,64.9
Marang seed dried,7.4,12.5,40.7
Marang seed dried boiled,5.7,7.6,36.6
Mung bean seed green dried,23.2,1.6,60.1
Mung bean seed green dried boiled,11,0.3,27.1
Mung bean seed red dried,22.2,1,62.2
Mung bean seed red dried boiled,6.9,0.7,28.9
Mung bean seed yellow dried,23.5,1.4,64.5
Mung bean seed yellow dried boiled,7.2,0.3,21.1
Negro coffee seed dried,17.5,2.6,69.8
Peanut w/ shell,17.4,26.6,22.9
Peanut w/ shell boiled,13,22.4,15.3
Peanut w/ skin roasted,32.1,50.7,9.1
Peanut w/o skin,25.8,49.5,17.1
Peanut w/o skin roasted,33.2,51.8,7.6
Pigeon pea seed dried,21.2,1.2,63.2
Pigeon pea seed dried boiled,5.7,0.6,24.3
Pili nut,14.2,68.5,6.4
Rice bean seed dried,18.4,3.1,63.7
Sesame seed dried,25.1,53.5,15.1
Soybean seed dried,35.8,17.2,35.9
Soybean seed black dried,36.6,19.8,31.6
Soybean seed black dried boiled,15.3,6.1,31.2
Soybean seed yellow dried,35.8,19.5,34.2
Soybean seed yellow dried boiled,12.4,6.9,38.9
String/Yard long bean seed dried,30.7,2.3,56.8
Velvet bean seed dried,28.2,4.7,55.8
Chickpea cnd,7.4,2.4,20.1
Coconut chip toasted sweetn,4.2,37.5,56.5
Coconut cream curd,13.2,52,24.8
Green pea dried fried & seasoned,19,20.3,52.4
Green pea in brine cnd,6.9,1.1,20.1
Green pea-corn-peanut mixture fried,19.8,26.5,48.4
Lima bean fried & seasoned,24.4,26,42.2
Peanut butter,25.4,45.4,26.4
Peanut butter choc flvr,17.2,48.2,32
Peanut cracker,23,31.2,42.1
Soybean cheese salted,11.4,6.2,4
Soybean seed black fermented,12,7.2,7.6
Soybean cheese soft curd,8.1,5.4,2
Soybean cheese hard curd,12.9,7,2
Soybean pudding/ Geerlig's cheese,2.9,1.4,2.4
Soybean pudding/Geerlig's cheese w/ syrup & tapioca starch ball,2.2,0.1,13.1
Soybean paste miso,13,3.5,15.2
Soybean seed yellow cnd drnd,11.8,5.9,9.4
Watermelon seed dried salted,40.2,43.2,3.1
American black nightshade lvs,4.9,0.6,7.9
Apat-apat fern lvs,7.6,0.4,24.2
Aragan lvs,1.2,0.3,5.4
Asystasia lvs & stems,3.6,0.9,9.6
Aurora lvs & stems,2.8,1.9,19.9
Bago lvs,6.6,1.5,12.8
Bago lvs boiled,3,0.4,6.5
Bago bagin fruit boiled,5.8,0.4,33.1
Bamboo shoot,1.9,0.4,4.1
Bamboo shoot boiled,1.2,0.3,4.5
Banana stem,0.8,0.1,3
Banana heart butuan,1.6,0.4,7.2
Banana heart butuan boiled,0.9,0.2,3.2
Bayuno fruit,3,0.7,13.9
Beet,1.7,0.2,8
Beet boiled,1.9,0.1,9.1
Bitter melon/gourd fruit,1,0.2,4.2
Bitter melon/gourd fruit boiled,0.4,0.2,3.8
Bitter melon/gourd lvs,4.2,0.6,3
Bitter melon/gourd lvs boiled,2.2,0.6,9
Blue pea pod,3.8,0.4,12.2
Borreria lvs & stems,1.7,0.2,14.8
Bottle gourd fruit,0.4,0.1,4.3
Bottle gourd fruit boiled,0.2,0,3.8
Bottle gourd lvs,3.3,0.6,6.2
Bottle gourd lvs boiled,1.7,0.3,3.2
Breadfruit fruit,2.4,0.5,12.8
Breadnut fruit,2.5,1.1,8.7
Breadnut seed,3.4,1.2,11.9
Bulak-bulakan pod,1.6,0.9,13.4
Busi-busi lvs,3.1,2,6
Cabbage green,1.6,0.1,5.9
Cabbage green boiled,0.6,0.1,5
Cabbage red,1.6,0.2,6
Cabbage red boiled,0.9,0.2,5.6
Carrot,1.1,0.3,8.6
Carrot boiled,1.1,0.4,8.6
Cashew young lvs,4.9,0.6,22
Cashew young lvs boiled,2.4,0.4,10.9
Cassava lvs,7.1,1.4,10.5
Cassava lvs boiled,3.4,0.7,5.7
Cauliflower,2.1,0.3,5.2
Cauliflower boiled,1.5,0.2,4.8
Celery lvs & petioles,1.2,0,5.1
Celery Chinese lvs & petioles,2.4,0.6,5.4
Celery Chinese lvs & petioles boiled,1.4,0.1,5
Chayote fruit,0.5,0.1,5.1
Chayote fruit boiled,0.3,0.1,3.5
Chayote lvs,4.6,0.3,5.7
Chayote lvs boiled,2.5,0.2,2.3
Chinese cabbage,1.7,0.3,2.9
Chinese cabbage boiled,1,0.1,2.4
Coconut cotyledon,1.7,1.8,11.1
Coconut heart of palm,4.3,0.8,5.7
Fragrant manjack lvs,4.6,0.3,9.9
Coriander lvs,3,0.6,4.8
Cowpea lvs,4.9,1.4,4.3
Cowpea lvs boiled,1.9,0.4,4.6
Cowpea pod,3.4,0.4,8.5
Cowpea pod boiled,2.8,0.4,9.4
Cowpea seed fresh,5.1,0.1,16.1
Crown daisy lvs,2.3,0.4,2.6
Kutcharitas lvs green,2.6,0.8,9.2
Kutcharitas lvs red,2.3,0.6,17.4
Cucumber,0.5,0.1,3.2
East Indian lotus fruit,4.1,1.1,13.5
East Indian lotus lvs,4.7,0.8,5
East Indian lotus lvs boiled,2.9,0.4,3.1
Eggplant,1.2,0.2,5.5
Eggplant boiled,1,0.1,4.9
Endive lvs,1.6,0.2,5.3
Flowering fern lvs,3,0.6,12.6
Foetid cassia lvs,4.4,1,15.3
Fragrant premna lvs,5.4,1.1,17
Fragrant premna lvs boiled,1.1,0.3,11.4
Galo fruit whole,3.9,1.8,33.4
Galo pulp boiled,3,0.4,16.2
Galo seed boiled,5.1,3.7,40.3
Garlic bulb,7,0.3,24.6
Garlic lvs,2,0.6,9.2
Garlic lvs boiled,1.1,0.6,8.8
Garlic lvs & bulb,2.6,0.6,15.8
Glynus lvs,3.7,0.8,4.2
Guava lvs,4.5,2.4,22.9
Himbaba-o flower,6.3,1.1,8.1
Himbaba-o flower boiled,2.9,0.9,8.1
Himbaba-o lvs,5.8,1.4,12.6
Himbaba-o lvs boiled,1.6,0.5,9.6
Horseradish tree lvs,9.7,2,12.7
Horseradish tree lvs boiled,3.1,0.9,10.6
Horseradish tree lvs dwarf,9,3.1,6.2
Horseradish tree lvs dwarf boiled,3,1,6.8
Horseradish tree lvs Japanese,6.2,1.6,5.2
Horseradish tree lvs Japanese boiled,2.4,1.1,5.5
Horseradish tree pod,2.5,0.4,19.9
Horseradish tree pod boiled,1.1,0.2,4.6
Hyacinth bean pod,2.5,0.4,7.8
Hyacinth bean pod boiled,1.3,0.1,6.9
Jackfruit fruit unripe,2,0.6,11.1
Jackfruit seed,5.5,0.5,34.4
Jackfruit seed boiled,4.5,0.3,33.7
Jute lvs,6.1,1.1,9.1
Jute lvs boiled,2.9,0.6,6.8
Lagikway lvs,4,1.2,6.8
Lagikway lvs boiled,1.3,0.4,5.3
Chinese leek lvs,2.4,0.7,4.6
Chinese leek lvs boiled,1.3,0.4,2.6
Lettuce lvs & petioles,1.3,0.4,3.4
Lettuce tree young lvs,3.6,1,5
Lettuce tree young lvs boiled,0.7,1.2,3.1
Lima bean pod,8.3,0.7,21.7
Lima bean pod boiled,7,0.3,17.2
Limang sugat young lvs,3.4,0.2,10.1
Malabar nightshade lvs,2.4,0.4,5
Malabar nightshade lvs boiled,0.6,0.2,4.3
Malibaddu,1.2,0.2,10.8
Mango young lvs,3,0.7,17.8
Mango young lvs boiled,1.6,0.4,9.9
Marrow-stem kale lvs and stems,3.1,0.5,4.3
Mexican lilac flower,2.8,0.7,10.1
Mexican lilac flowers boiled,1.4,0.2,5.8
Morning glory lvs,4,0.4,9.3
Mung bean seed fresh,7.7,0.2,21.6
Mung bean sprout,5.7,0.1,10
Mung bean sprout boiled,4.8,0.7,7
Mushroom fresh,3.8,0.6,6.9
Mustard lvs,2.3,0.4,2.7
Mustard lvs boiled,1.3,0.6,2.7
New Zealand spinach lvs,3.3,0.5,3.7
New Zealand spinach lvs boiled,1.4,0.3,4.9
Okra,1.8,0.3,5.9
Okra boiled,1,0.2,6.1
Onion Bombay bulb,1.7,0.3,10.5
Onion Bombay bulb boiled,1.2,0.4,9.7
Onion garden shallot bulb,1.7,0.5,14.1
Onion garden shallot bulb boiled,1.1,0.5,13.3
Onion garden shallot lvs,1.7,1,5.4
Onion garden shallot lvs boiled,1.3,0.6,4.1
Onion spring,1.8,0.5,7.2
Onion spring boiled,1.3,0.4,6.9
Pako fern lvs,3.2,0.4,3.7
Pako fern lvs boiled,1.9,0.4,5.5
Palm-like fig young lvs,3.9,0.7,6.9
Palm-like fig young lvs boiled,1.2,0.2,3.2
Pansit-pansitan,0.9,0.2,2.5
Papaya fruit unripe,1,0.1,5.5
Papaya young lvs,6.1,1.6,16.7
Papaya young lvs boiled,4.6,1.2,9.5
Papaya petioles,0.6,0.2,5.8
Papaya petioles boiled,0.7,0.2,4.9
Parsley lvs,4,0.9,8.4
Pechay lvs,2.1,0.4,2.6
Pechay lvs boiled,1.7,0.5,2.4
Pechay petioles,0.6,0.3,2.1
Pechay petioles boiled,0.4,0.2,1.9
Pepper chili fruit,4.8,2.2,9
Pepper chili lvs,5.8,1.2,6.4
Pepper chili lvs boiled,1.8,0.3,10.5
Pepper sweet/bell long green,1.8,0.5,8.1
Pepper sweet/bell long green boiled,0.9,0.3,6.4
Pepper sweet/bell long red,2.4,0.9,14.4
Pepper sweet/bell round green,0.9,0.2,5.6
Pepper sweet/bell round green boiled,0.5,0.2,3.2
Pepper sweet/bell round red,0.5,0.3,7.8
Philippine spinach lvs,2.7,0.5,3.5
Philippine spinach lvs boiled,0.8,0.2,4.6
Pigeon pea pod,8.2,0.7,27.4
Pigeon pea pod boiled,5.6,0.3,14.7
Pigeon pea seed fresh,8.2,0.7,26
Malabar bauhinia lvs,2.5,1.6,8.9
Prickly chaff-flower lvs,6.4,1,6.2
Purslane lvs,2.3,0.4,4.5
Purslane lvs boiled,1.3,0.3,4.6
Racaba lvs,3.3,1,8.9
Radish,0.6,0.1,4.1
Radish boiled,0.2,0.1,3.2
Radish pod,1.7,0.1,6.2
Rhubarb young petioles,0.6,0.5,5.1
Roselle lvs,2.8,0.6,11.6
Sabitan lvs,6.2,0.7,9.6
Seaweed gut weed dried,1.4,0.4,24.8
Sea purslane lvs,1.8,0.4,3.6
Sea purslane lvs boiled,1,0.2,7.5
Seaweed balbalulang,0.4,0.3,4.6
Seaweed gamet dried,23.7,1.2,36.7
Seaweed kawkawayan,2.2,1.5,11.2
Seaweed kulot,0.6,0.4,4.6
Seaweed lato,0.1,0.1,2.1
Seaweed pokpoklo,1.2,0.2,1.8
Sesbania flower,1,0.3,6.1
Sesbania flower boiled,1,0.3,5.4
Sesbania lvs,6.6,1.4,9.2
Sesbania lvs boiled,6,0.8,4.9
Slender/Spineless amaranth lvs,4.5,1.1,7.8
Slender/Spineless amaranth lvs boiled,3.3,0.4,4.4
Snake gourd fruit,0.6,0,4
Snap bean pod green,2,0.1,6.8
Snap bean pod green boiled,0.8,0.1,5.6
Snap bean pod white,1.9,0.2,5.3
Snap bean pod white boiled,1,0.1,2.3
Snap bean seed black & brown fresh,11.3,0.6,33.5
Snow/Sugar pea pod,3,0.4,12.8
Snow/Sugar pea pod boiled,1.5,0.4,7.6
Soybean seed fresh,13.1,6.1,10.9
Soybean seed fresh boiled,12.4,6.4,9.3
Spanish plum young lvs,4.5,1.2,9.3
Spanish plum young lvs boiled,1.9,0.6,6.4
Spiny pigweed/Thorny amaranth lvs,5.5,0.9,8.2
Spiny pigweed/Thorny amaranth lvs boiled,1.6,0.3,6.9
Sponge gourd fruit,0.7,0.1,4.3
Sponge gourd fruit boiled,0.4,0.4,2.7
Sponge gourd lvs,4,0.6,3.9
Sponge gourd lvs boiled,1.4,0.1,1.8
Squash flower,1.9,0.5,5.2
Squash flower boiled,0.4,0.1,4.1
Squash fruit,1.2,0.2,15.3
Squash fruit boiled,0.4,0.2,10.8
Squash lvs,3.4,0.6,4.8
Squash lvs boiled,1.6,0.4,4.2
Squash summer fruit,0.6,0.2,4.3
String/Yard long bean lvs,4.2,0.4,6
String/Yard long bean lvs boiled,2.1,0.2,4.3
String/Yard long bean pod green,2.7,0.3,6.2
String/Yard long bean pod green boiled,4,0.5,7.9
String/Yard long bean pod red,2.8,0.2,7.8
String/Yard long bean pod red boiled,1.5,0.2,6.7
String/Yard long bean pod white,2.2,0.3,8.8
String/Yard long bean pod white boiled,1.4,0.1,4.1
String/Yard long bean seed green fresh,9.2,0.8,18.8
String/Yard long bean seed green fresh boiled,12.7,0.4,16.1
Sugar palm heart of palm,1.3,0.5,7
Swamp amaranth lvs,5.1,0.2,7.5
Swamp cabbage lvs,3.3,0.4,5.5
Swamp cabbage lvs boiled,1.5,0.4,4.7
Sweet potato lvs,3.9,0.5,7.2
Sweet potato lvs boiled,1.1,0.7,4.6
Sweet potato lvs purple,4.7,0.6,11.3
Sweet potato lvs purple boiled,1.8,0.3,3.5
Tamarind flower,2.5,1.8,15
Tamarind lvs,3.9,1,13.9
Tamarind lvs boiled,2.4,0.5,9.9
Ivy gourd lvs,4.9,1.5,3.9
Ivy gourd lvs boiled,3.5,0.8,7
Taro lvs,4.3,1.8,10
Taro lvs boiled,1.4,0.4,9.7
Taro petioles,0.3,0.2,4.6
Taro petioles boiled,0.2,0.1,3.2
Tomato,0.8,0.1,5.2
Tomato boiled,0.4,0.1,5.6
Tomato Spanish ripe,2.3,0.4,12.9
Yam bean,1.1,0.2,9.8
Yam bean pod,2.6,0.3,9.6
Water caltrop boiled,9.4,0.1,46.8
Water chestnut,2.3,0.7,40.3
Water chestnut boiled,2.7,0.1,58.6
Watercress,1,0.3,4.8
Wax gourd fruit,0.4,0.3,3.8
Wax gourd fruit boiled,0.1,0.1,3
Wild ginger,2.1,0.4,5
Winged bean pod,2,0.3,5.1
Winged bean pod boiled,1.6,0.3,6.4
Asparagus cnd,1.6,0.4,5.1
Bamboo shoot cnd,1.1,0.4,2.6
Bamboo shoot dried,17.1,1.4,69
Black wood ear mushroom dried,8.4,0.5,71.6
Cucumber salted cnd,2.9,0.2,5.8
Mushroom cnd,2.3,0.4,2.5
Mushroom dried,16,0.9,64.6
Mustard lvs pickled,1.4,0.1,2.3
Mustard lvs salted,1.9,1,2.9
Olive green in brine,1.3,12.6,3.4
Olive ripe in brine,1,16,2.6
Papaya fruit unripe dried,6.7,0.6,75.7
Pickle relish,0.3,0.9,33.9
Pickles mixed,0.2,3.1,33.5
Pickles papaya,0.8,8.7,30.3
Pickles whole gherkins,0.4,1.7,28.7
Pimiento cnd,0.6,0.5,3.3
Radish salted cnd,2.7,0.4,7.8
Taro lvs dried,23.1,9.2,53.1
Bagbagkong flower raw,4.1,0.6,6.9
Batwan immature fruit raw,0.6,0.1,12.4
Bitter melon/gourd wild fruit raw,1.2,0.3,5.4
Malunggay leaves powder dry,28.8,8.7,47
Mangrove apple raw,1.6,0.5,15.2
Ivy gourd immature fruit raw,1.2,0.3,5.2
Basil sweet fresh,3.3,0.6,6.9
Libas mature lvs,3.8,1.3,15.7
Libas young lvs,2.8,0.7,16.5
Thyme fresh,5.3,1.9,20
Apple green,0.5,0.1,14.9
Apple red,0.7,0.1,15.8
Atemoya,0.5,0.3,14.5
Avocado green,0.9,6.2,10.5
Avocado red,0.9,7.6,7
Banana bunulan,1,0.4,24.5
Banana butuan,1.3,0.3,23.2
Banana cavendish ripe,0.9,0.9,23.1
Banana cavendish unripe,1.1,0.7,25.4
Banana gloria,1.1,0.1,31.7
Banana lacatan,1.4,0.2,29.6
Banana latundan,1.2,0.3,24.4
Banana murado,1.2,0.5,24.5
Banana saba,1.1,0.4,25.5
Banana saba boiled,1.2,0,38.6
Banana ternate,0.9,0.4,31.6
Banana tuldok,1.1,0.2,23.3
Bignay,0.7,0.8,6.3
Bilimbi,0.7,0.2,4.5
Black/Java plum,0.8,0.4,16
Barbados gooseberry,1,0.7,6.3
Buri palm,0.7,0.1,17.8
Calamansi/Philippine lemon,0.4,1,8.3
Canistel,2.5,0.6,39.1
Cashew fruit,0.7,0.6,13.8
Java apple,0.4,0.1,7.8
Custard apple,1.4,0.2,31
Durian,2,1.2,36.1
Velvet apple,0.6,0.3,20.8
Grape,0.4,0.3,19.7
Guava red,0.9,0.4,23.8
Guava white,0.8,0.3,16
Jackfruit,1.4,0.4,25.4
Johey oak,1,0.4,30
Jamaica cherry,2,0.6,21.6
Jujube Indian/Chinese date,1,0.4,16.4
Kaffir lime,0.6,1.3,7
Kalumpit,1.3,0.4,17
Lanzon,1,0.3,14.2
Lemon,0.5,1.6,6.3
Lemon peel,1.1,0.3,18.6
Lime,0.8,2.4,6.3
Lime peel,3.4,0.2,26.5
Lipoti,0.7,2.5,12.9
Lychee/Litchi,1.5,0.1,20.1
Madras thorn,3.2,0.4,19.1
Malay apple,0.5,0.2,10
Malay gooseberry,0.8,0.7,7.7
Mango Indian unripe,0.3,0.2,12.5
Mango Manila super medium ripe,0.4,0.4,15.2
Mango Manila super ripe,0.6,0.2,16.4
Mango Manila super unripe,0.5,0.2,14.9
Mango paho unripe,0.7,0.6,16.4
Mango piko medium ripe,0.3,0.9,18.4
Mango piko ripe,0.7,0.2,18.9
Mango piko unripe,0.5,0.4,15.8
Mango supsupin ripe,1.2,0.5,20.5
Mangosteen,0.7,0.8,18.6
Many-spiked flacourtia,0.6,0.6,27.6
Marmalade plum,1.2,0.3,26.4
Melon,0.5,0.3,4.8
Melon honey dew,0.3,0.3,9.5
Melon watermelon,0.1,0.2,7.2
Orange Ladu,0.4,0.2,7.8
Orange Szinkom,0.3,0.2,6.9
Papaya fruit medium ripe,0.7,0.2,12
Papaya fruit ripe,0.5,0.3,12.1
Pear,0.4,0.6,12.6
Persimmon kaki,0.4,0.6,19.7
Philippine dillenia,0.3,0.2,7.4
Pineapple,0.4,0.2,13
Pomegranate,0.7,0.4,14.5
Pomelo,0.7,0.6,10.6
Rambutan,1.2,0.9,18.6
Rattan fruit,0.6,1.2,18.6
Santol,0.7,1,13.8
Sapodilla,0.5,0.9,24.5
Sapote,0.8,0.5,21.2
Stinking passion flower fruit,0.6,0.5,13.7
Stinking passion flower juice,0.8,0.6,11.8
Soursop,1.1,0.1,16.2
Spanish plum,0.9,0.2,20.6
Star apple green,0.7,1.1,15.3
Star apple purple,1.3,0.6,17.4
Starfruit,0.5,0.7,7.7
Strawberry,0.8,0.2,7.2
Sugar apple/Sweetsop,1.3,0.4,23.7
Sugar palm,0.1,0.2,4.3
Sugar palm boiled,0.1,0.2,2.8
Susong-kalabaw,0.7,0.4,8.1
Tamarind ripe,2,0.6,61.1
Tamarind unripe,0.9,0.3,17.7
Tamarind unripe boiled,0.7,0.1,6.6
Banana chips salted,1.8,41.2,51.8
Banana chips sweetn,1.5,35.1,61.6
Banana cracker sweetn,2.1,27.7,62.8
Banana fritter,3,3.9,48.1
Banana saba mashed w/ sugar & marg,1.4,3.6,41.4
Banana saba w/ sugar fried,2,2.6,37.8
Banana saba w/ sugar wrapped fried,2.4,6.4,48
Bilimbi pickled,0.5,0.1,4.7
Cherry in syrup drnd,0.2,0.5,25.1
Date dried,1.7,2.8,78.6
Dikyam,1.9,1.6,56.1
Fruit cocktail tropical in syrup cnd,0.2,0.2,25
Jujube Indian/Chinese date dried,1.1,0.5,80.9
Mango chips dried,1.6,1,87.3
Peach in heavy syrup cnd,0.4,0.9,15.8
Pineapple crushed cnd,0.5,0.2,20.9
Pineapple slice cnd,0.4,0.8,27.5
Prune,2.5,0.7,65.5
Raisin,3.5,1.1,78.9
Dragon fruit,1,1,13.2
Kandis flesh,0.3,0.5,14.9
Kandis pulp,0.3,0.2,14.3
Libas fruit ripe,0.8,0.1,11.7
Libas fruit unripe,0.8,0.1,8.9
Maraitum,0.5,0.2,22
Palau-biyok,0.6,0.3,27.5
Sapinit,1.2,1.1,15.2
Tabo,0.4,0.2,26.7
Beef blood,20.6,0.6,0.5
Beef blood bbq,19.7,1.1,1.1
Beef brain,10.3,9.4,0.3
Beef brain boiled,12.2,11.3,1.2
Beef brisket,18.2,15.4,0
Beef chuck,19,10.5,0
Beef chuck lean boiled,11.4,2.4,10.4
Beef club steak,23.1,1.3,0
Beef flank,19.4,15,0
Beef head,25,4.2,0.4
Beef heart,18.8,6.2,1.9
Beef intestine large,5,8.1,2.6
Beef intestine small,16.4,4.2,1.4
Beef kidney,16.2,2.2,1.1
Beef lean meat,23.1,4.6,0
Beef lean meat boiled,25.3,5,0
Beef lean meat broiled,30.4,3,0
Beef lean meat fried,30.2,6.9,0
Beef liver,20.6,3.2,8.3
Beef liver boiled,25.5,4,4
Beef lung,17.2,1.8,3.2
Beef mammary,6.6,55.4,6.2
Beef omasum,15.1,3.8,0
Beef omasum boiled,14.8,3.7,0
Beef plate,18.2,14.5,0
Beef porterhouse steak,23.4,1.3,0
Beef reticulum,13.9,12.1,1.4
Beef reticulum boiled,11.5,13.4,0
Beef rib roast,15.1,28.2,0
Beef round,20.7,6.2,0
Beef round boiled,19.2,3.2,0
Beef round broiled,21.4,5.1,0
Beef round fried,21.1,6.2,0
Beef rump,20.7,2.4,0
Beef shank,21.5,3.2,0
Beef shank boiled,19.5,1.5,0
Beef short rib,20.2,18.6,0
Beef sirloin,20.5,5.6,0
Beef sirloin boiled,18.3,3.6,0
Beef sirloin broiled,22.2,5.5,0
Beef sirloin fried,23.5,6.4,0
Beef spleen,18.2,2,1
Beef spleen boiled,16.4,2.2,0
Beef stomach,17.6,5.3,0.2
Beef tail,15.8,33,0
Beef tenderloin,22.8,4.1,0
Beef tongue,14.8,15.2,4.4
Beef tongue boiled,11.4,12,18.3
Beef tripe,11,5.8,1.4
Beef tripe boiled,10.3,5.2,1.5
Beef uterus,15.8,1.2,3.5
Carabeef blood,18.6,0,0.2
Carabeef brain,9.4,10.1,1.9
Carabeef chuck,18.6,2.8,0
Carabeef heart,17.4,4.6,0.7
Carabeef intestine large,9.3,11.9,5.2
Carabeef intestine small,10.4,9.7,4.7
Carabeef kidney,14,1.8,1.1
Carabeef lean meat,20.6,0.8,0
Carabeef lean meat boiled,22.4,1.2,0
Carabeef liver,15.5,1.7,7.6
Carabeef lung,18.6,1.4,0
Carabeef omasum,8.7,0.2,0.1
Carabeef reticulum,11.2,6.9,2.9
Carabeef round,20.4,1.4,0
Carabeef round steak,21.4,1.6,0
Carabeef rump,19.3,0.9,0
Carabeef shank,20.2,2.4,0
Carabeef spleen,21.2,1.5,0
Carabeef stomach,18.7,0.7,0
Carabeef w/ fat,21.8,3.6,0
Carabeef w/ fat boiled,26.9,4.4,0
Chevon back,20.4,1.6,0
Chevon breast,17.7,1.2,0
Chevon flank,16.6,9.2,0
Chevon heart,17.1,5.9,0.8
Chevon intestine small,10.2,3.4,0
Chevon kidney,15.9,3.5,0.4
Chevon leg,17,0.4,0
Chevon liver,22.1,3.4,2.6
Chevon loin,22.3,0.6,0
Chevon lung,17,2.1,1.6
Chevon neck,23.3,3.1,0
Chevon rib,19.9,1.2,0
Chevon shank,19.8,1.1,0
Chevon shoulder,17.4,2.3,0
Chevon stomach,9.8,1.1,1.9
Chick one-day old fried,25.3,14.6,1.2
Chicken back,17.4,15.3,0
Chicken blood,13.9,0.1,0.5
Chicken breast,21.6,5,0
Chicken feet,24.7,9.8,0
Chicken feet bbq,26.9,11.9,3.6
Chicken gizzard,21.8,1,2.5
Chicken head,13.1,8.2,0.8
Chicken head bbq,20.5,14.7,1.3
Chicken heart,11.6,15.9,1.9
Chicken intestine,13,11.4,0
Chicken intestine bbq,28.2,9.6,3
Chicken leg/drumstick,17.1,15.1,0
Chicken liver,18.1,3.9,4
Chicken neck,14.1,28.6,0
Chicken pullet breast,19.6,2.7,0
Chicken pullet thigh,19.6,2.7,0
Chicken thigh,19.8,7.7,0
Chicken thigh & leg,17.6,13,0
Chicken wing,18.9,13.2,0
Chicken white meat,20.6,3.1,0
Chicken white meat boiled,32.9,4.6,0
Chicken white meat fried,40.3,7.2,0
Chicken whole,17.4,16.2,0
Duck back,22.6,11.2,0
Duck blood,10.7,0.1,4.5
Duck breast,22.8,7.3,0
Duck gizzard,22.1,2.2,0
Duck liver,15.6,3.8,4.9
Duck thigh,20.5,9.9,0
Duck wing,24.4,5.2,0
Duck wild breast,19.9,0.6,0
Duck wild thigh,19.5,0.8,0
Frog meat,20.9,0.6,0
Goose breast,23.4,3.2,0
Goose thigh,23,3.9,0
Lamb flank,16.6,9.2,0
Lamb foreshank,19.9,6.1,0
Lamb hind shank,20.6,4.6,0
Lamb liver,21.8,4,3.1
Lamb loin,20.2,4.7,0
Lamb lung,17.3,1.7,2.5
Lamb neck,18.9,7.3,0
Lamb riblet,16.9,9.9,0
Lamb roast/back,19.2,5.8,0
Lamb shoulder,16.1,7.7,0
Moor hen breast,21.4,6.8,0
Moor hen gizzard,22.5,1.6,2.2
Moor hen liver,18,3.5,6.5
Moor hen thigh,20.1,5.9,0
Pigeon breast,17.1,15.4,0
Pigeon thigh,14.6,20.1,0
Pigeon squab/young meat,17,9.5,0
Pork back fat,11.6,51.8,0
Pork belly,14.5,37.2,0
Pork belly broiled,14,17.4,0
Pork belly fried,12.3,21.8,0
Pork belly boiled,13,43.6,0
Pork blood,11.6,0,2.1
Pork Boston butt,14.3,30.2,0
Pork Boston butt boiled,10.1,33.9,0
Pork Boston butt broiled,13.9,16.4,0
Pork Boston butt fried,14.2,20.2,0
Pork Boston butt lean,17.3,23.2,0
Pork Boston butt lean boiled,15.6,16.6,0
Pork Boston butt lean broiled,22.3,7.2,0
Pork Boston butt lean fried,20.5,6,0
Pork center loin,12.5,52.1,0
Pork chop,14.5,36.9,0
Pork ear,11.8,36.9,1.3
Pork ear bbq,23.8,25.9,5.4
Pork ham,16.3,25.8,0.1
Pork head,14.4,28.8,2.3
Pork heart,16.4,5.3,0.6
Pork intestine large,9.6,2.2,5.6
Pork intestine small,12.6,2.3,0
Pork intestine small bbq,20.6,24.8,3
Pork kidney,14.4,3.9,3.1
Pork kidney boiled,13.9,3.2,5.3
Pork leg,20.2,13.6,0
Pork liver,18,2.8,5.5
Pork liver boiled,17.8,3.5,16.9
Pork liver broiled,19.8,4.4,15.4
Pork liver fried,19.9,5.4,17.1
Pork lung,12.2,1.8,2
Pork picnic,13.4,37,0
Pork picnic boiled,14.8,34.3,0
Pork skin,19.8,26.6,0
Pork spare rib,14.6,26.1,0
Pork spleen,16.1,2.5,0
Pork spleen boiled,15.2,3.7,0
Pork stomach,13.1,6.5,2.6
Pork tail,15.4,46.1,0
Pork tenderloin,16.7,18.9,0
Pork tongue,14.8,20.1,0.1
Pork uterus,15.4,1.7,0
Pork suckling belly,18.3,11.2,0
Pork suckling blood,11.5,0,2.6
Pork suckling brain,10.2,9.7,0.2
Pork suckling heart,16.3,6.6,0
Pork suckling intestine large,9.1,2.5,6.9
Pork suckling intestine small,12.5,0.9,0.6
Pork suckling kidney,15.9,3.4,0.3
Pork suckling leg,19.9,5.4,0
Pork suckling liver,16,2.8,6.6
Pork suckling lung,15.8,2.4,0.6
Pork suckling spare rib,17,11.1,0
Pork suckling spleen,15.6,4.2,1.3
Pork suckling stomach,14.3,4.2,0
Quail meat,21.1,7.7,0
Rabbit liver,15.4,2.5,6.6
Rabbit thigh,18.6,2.2,0
Rabbit white meat,18.2,2.4,0
Snipe lean meat,21,3.2,0
Turkey breast,24.1,0.4,0
Turkey liver,19.2,3.9,2.9
Turkey thigh,20.3,2.1,0
Venison rib,21.9,0.1,0
Venison thigh,21.9,0.2,0
Bacon,11.1,58.3,8.4
Beef chunk cnd,14.7,18.3,7
Beef jerky,13.8,3.6,3.7
Beef spread,14.6,14.5,9.6
Beef sweet cured,18.1,0.8,0
Carabeef jerky,51.7,1.5,0
Chicken liver spread,8.4,15.4,9.8
Chicken meat ball,9.8,4.8,16.1
Chicken nugget,15.5,11.2,14.3
Sausage chicken,10.7,10.8,11.3
Chicken spread,10.4,14.5,9.6
Corned beef loaf,13.3,17.9,3.1
Corned beef cnd,17.9,10.7,0
Embotido,10.1,8.5,11.7
Ham,16.4,39.5,0
Ham chopped cnd,14.1,16.1,4.6
Ham deviled spread,13.8,18.9,7.2
Ham pork sweet chopped,10.7,4.4,8.7
Hamburger patty,10.8,20.1,23.8
Liver pate cnd,14.5,17.5,4
Liver spread,9.3,9.8,14.9
Luncheon meat cnd,13.7,26.4,3.7
Luncheon meat deviled spread,12.1,28.4,1
Luncheon meat pork & ham,13.6,28.6,2.3
Luncheon meat pork Chinese style,10.7,25,7.1
Meat loaf,9.7,7.7,13.1
Pork crackling internal organ,37.8,24.6,0
Pork crackling skin,65.6,36.5,0
Pork jerky,15.9,19.2,10.2
Pork sweet cured,11.2,6.4,25.9
Pork sweet cured Pampanga,10.1,13.8,14.7
Potted meat spread w/ cereal cnd,7.7,9.9,16.6
Sausage bologna,10.1,11.7,4.9
Sausage chorizo,29.6,33.2,5.8
Sausage chorizo Bilbao style,18,40.3,0.2
Sausage frankfurter,13.3,15.1,4.8
Sausage ham,14.1,10.3,2.8
Sausage hotdog,13.4,17,4.8
Sausage hotdog smoked,12.9,10.8,2.7
Sausage hotdog w/ cheese,11.7,18.1,8.8
Sausage mortadella,8.6,22.1,6.7
Sausage pork,11.8,22.7,15.8
Sausage pork & beef,13.5,38.5,7.8
Sausage pork Chinese,15.6,42.6,13
Sausage salami,16.2,18.7,2.7
Sausage Vienna,8.8,10.5,8.4
Sausage Vienna tidbits,8.3,6.6,8.5
Venison jerky,62.8,8,0
Chicken blood bbq,16,1.7,2.8
Chicken whole seasoned roasted,24.8,12,4.7
Chicken whole seasoned roasted skin and visible fat removed,26.2,5.4,2.2
Pork bbq,21.5,29.8,13.5
Pork back seasoned roasted skin and visible fat removed,31.2,4.9,2
Pork belly seasoned roasted,21,31.6,4.1
Pork belly seasoned roasted skin and visible fat removed,24,22.6,0
Pork skin seasoned roasted,33,47.4,0
Beef franks raw,13.9,16.1,1
Sausage pepperoni raw,12.8,18.6,4.6
Abalone,20.5,0.9,7.4
Abalone juice,10.6,0.4,7.1
Amber fish,18.1,0.9,0
Sinarapan,13.3,1.2,0
Anchovy Indian (adult),20.9,0.1,0.1
Anchovy long-jawed w/o head,19.9,5.5,0
Anchovy long-jawed whole,14.1,1.4,0
Barracuda striped,19.7,1.2,0
Butterfly fish threadfin,19.8,0.6,0
Fusilier goldband,21.5,4.7,0
Cardinal fish,17.4,0.4,0
Carp,17.8,12.6,0
Catfish freshwater,18.7,0.6,0
Catfish saltwater,18.2,1.5,0
Cavalla banded,20.1,3.1,0
Cavalla banded fried,20.2,8.8,0
Cavalla banded steamed,11.2,2.5,0
Clam bilakong,10.2,2,5.8
Clam freshwater tulya,7.6,1.9,11.8
Clam freshwater tulya boiled,8.9,1.9,13
Clam halaan,6.7,0.7,3.5
Clam halaan boiled,10.5,1.1,5.4
Clam imbao,6.8,0.8,7.3
Clam imbao boiled,6.4,0.6,4.1
Clam kabibi,9,1.6,3
Clam kanturi,12.2,1,0.3
Clam lukan,5.1,0.7,4
Clam rayed shell,8.7,0.8,1.4
Clam razor shell,8,0.4,1.4
Clam tongue,12.4,3.4,4.4
Clam tongue head blanched,5.9,2,9.4
Clam tongue tail,9.4,0.4,2.5
Clam venus,12.8,2,17.3
Clam wedge shell/bean,8.8,1.7,5.1
Climbing perch common,17.4,0.2,0
Crab blue swimming fat,11.5,4.4,0
Crab blue swimming w/o fat,19.9,0.5,2.2
Crab blue swimming w/o fat boiled,19.4,0.9,3.1
Crab mud/mangrove fat,26,5.6,8.5
Crab mud/mangrove w/o fat,18.5,3.2,0
Crab mud/mangrove w/o fat boiled,17.6,1.9,0
Crab shore,13.8,3.8,8.1
Crevalle deep-bellied,19.4,1,0
Crevalle even-bellied,17.7,1.6,0
Croaker tigertooth,19.1,1.4,0
Croaker plain,19.1,0.4,0
Croaker smooth-scaled whiskered,18.6,1.1,0
Drepane speckled,16.8,1.4,0
Eel silver pike,17.5,0.2,0
Eel swamp,19.2,6.9,0
Fish roe,17.3,5.6,0.9
Flatfish/Brill rough-scaled,20.5,0.2,0
Flatfish/Brill smooth-scaled,19.7,0.2,0
Flatfish/Turbot Indian,23,0.2,0
Flathead Indian,22.1,0.2,0
Flying fish,21,0.2,0
Garfish common,26.6,0.9,0
Gizzard shad short-finned,18.6,0.4,0
Goatfish ochrebanded,18.7,1.3,0
Goby flat-headed,19.7,0.2,0
Goby long-tailed,16.8,2.4,0
Gouramy,16.9,2.6,0
Grouper whitespotted,14.9,0.4,0
Hair tail largehead,19.1,0.4,0
Halfbeak long billed,19.2,1.2,0
Hard-tail,21.4,1.2,0
Herring big-eyed,22.2,0.8,0
Herring deep-bodied,19.7,1.3,0
Lizard fish common,18.2,0.2,0
Mackerel short-bodied,21.6,2.4,0
Mackerel short-bodied fried,21.6,14.9,0
Mackerel Spanish,17.6,1.1,0
Mackerel Indian,21.8,3.4,0
Milkfish,19.8,6.4,0
Milkfish broiled,23.4,4.8,0
Milkfish fried,23.6,10.4,0
Mojarra longfin,18.9,0.2,0
Mojarra whipfin,20.4,0.6,0
Moonfish spotted,24.4,2,0
Moray,20.1,4,0
Mudfish/Murrel striated,21.2,1.6,0
Mudfish/Murrel striated boiled,22.8,0.4,0
Mullet black-finned,19.3,4,0
Mullet large-scaled,20,1,0
Mussel green,13.6,7.5,11.1
Mussel green boiled,3.1,0.4,4.3
Bream doublewhip threadfin,19,1.5,0
Octopus,13.3,0.6,0
Oyster,5.9,1.7,5.2
Oyster window pane meat,23.3,1.4,3.3
Parrot fish daisy,20,0.4,0
Threadfish Indian,20.5,0.8,0
Silvergrunt bluecheek,19.2,0.7,0
Pomfret black,18.8,2,0
Bream humpnose big-eye,18.9,0.5,0
Emperor pink ear,21.1,0.5,0
Seabream goldsilk,19,0.1,0
Red snapper/Malabar,15.6,0.2,0
Runner rainbow,19.6,0.7,0
Sardine bombon,19.3,4.1,0
Sardine fimbriated,20.5,2.7,0
Sardine fimbriated fry,20.6,2.1,0
Sardine Indian,19.5,4.7,0
Scad big-eye,20.8,2.4,0
Scad round,20.4,2.1,0
Sea bass,17.8,0.4,0
Sea catfish smooth-headed,21.3,0.4,0
Sea cucumber,5.1,0.1,0.3
Shrimp banana prawn,19,0.8,2
Shrimp banana prawn boiled,11.2,0.4,14
Shrimp freshwater,19.4,1.7,0
Shrimp freshwater (small),20.2,1.9,0
Shrimp giant tiger prawn,20,0.9,1.2
Shrimp giant tiger prawn head,11.9,2.2,1.6
Shrimp greasy back,17.7,0.6,0.4
Shrimp greasy back boiled,18.2,0.4,1.9
Shrimp sergestid,16.6,1.3,0
Siganid javan,19.8,1.1,0
Silver-bar fish,21.1,0.3,0
Slipmouth black-finned,18.7,1.5,0
Slipmouth common,18.2,2,0
Snail black,12.2,0.4,6.6
Snail freshwater,9.4,0.8,12.2
Snail golden,12.8,0.6,4.3
Spadefish,20.3,2,0
Squid,15.6,1,0
Squid boiled,17.4,1.2,0
Sting ray blue-spotted,18.3,0.1,0
Sting ray honeycomb,14.3,0.2,0
Surgeonfish blue-lined,17.8,0.7,0
Swordfish,19.2,4,0
Tarpon,20.8,0.5,0
Ten-pounder Hawaiian,18.8,0.2,0
Therapon convex-lined,18.3,0.6,0
Theraponid silvery,18.4,0.2,0
Terapon largescaled,20.8,0.6,0
Threadfin fish,18.4,0.8,0
Threadfin fourfinger,17.9,0.1,0
Threadfin small-mouth,19.7,0.2,0
Tilapia,18.1,3.8,0
Tuna frigate,24,2.6,0
Tuna yellow-fin,23.6,1.4,0
Whiting common,21.1,0.5,0
Amber fish dried,57.2,5.1,0
Anchovy long-jawed dried,69,4.7,0
Anchovy long-jawed dried ground,82,2.6,0
Fusilier goldband dried,42.6,4.9,0
Catfish freshwater dried,45.6,10.3,0
Catfish saltwater dried,43.9,2.8,0
Cavalla banded dried,44.2,4.6,0
Cod dried,51.8,1.2,0
Crab mud/mangrove meat cnd,23.5,0.8,0.3
Crevalle deep-bellied dried,43.6,12.6,0
Croaker plain dried,41.9,3.7,0
Eel swamp dried,47.4,5.4,0
Fish ball,8.6,0.5,20.6
Fish ball fried,10.3,10.2,33.3
Fish preparation quekiam,4.2,2.1,23.4
Flatfish/Brill rough-scaled dried,54.7,1.4,8.7
Flatfish/Brill rough-scaled dried,47.7,1.1,0
Gizzard shad short-finned dried,26,5,0
Gizzard shad short-finned smoked,26.6,2.6,0
Goby flat-headed dried,44.8,0.9,0
Sinarapan dried,55.5,7.7,0
Grouper whitespotted dried,35.8,1.6,0
Hard-tail dried,48.7,2.7,0
Jellyfish dried,7.2,0.5,8.8
Lizard fish common dried,41.5,1.3,0
Mackerel scad in tomato sce cnd,13.4,9.4,2.2
Mackerel short-bodied dried,41.2,4.1,0
Mackerel short-bodied smoked,29.8,2.2,0
Mackerel Spanish dried,41,2.2,0
Mackerel Indian dried,41,3.2,0
Mackerel Indian in tomato sce,16.5,4.1,0
Milkfish dried,51.2,23.3,0
Milkfish in natural oil cnd,16.6,4.5,0.3
Milkfish in spiced oil cnd,15.8,25.4,0.9
Milkfish smoked,27.2,11.5,0
Mudfish/Murrel striated dried,45.7,3.6,0
Mullet black-finned dried,31.3,7.1,0
Mullet large-scaled dried,45.4,1.9,0
Bream doublewhip threadfin dried,35.4,2.3,0
Oyster dried,46,7.9,24.9
Parrot fish daisy dried,59.2,0.6,0
Emperor pink ear dried,43.3,0.9,0
Seabream goldsilk dried,40.1,3.6,0
Red snapper/Malabar dried,45,2.7,0
Runner rainbow in oil cnd,20.4,8.2,9
Sardine bombon dried,26.2,5.8,0
Sardine bombon smoked,31,3.4,0
Sardine fimbriated fry dried,40.9,2.1,0
Sardine fimbriated fry dried,57.3,12.6,0
Sardine fimbriated smoked,31.2,4,1.9
Sardine Indian dried,37.4,1.1,0
Sardine Indian dried,43,4.8,0
Sardine Indian smoked,30,4.4,0
Sardines in spiced oil cnd,19.8,39.9,0
Sardines in tomato sce cnd,9.7,4.3,2.7
Sardines smoked cnd,29,4.2,0.8
Scad big-eye dried,39.8,1.7,0
Scad big-eye smoked,25.5,3.6,0
Scad round dried,41.1,3.8,0
Scad round smoked,31.6,3.5,0
Sea bass dried,44,7.6,0
Shrimp freshwater (small) dried,23.1,2.3,33.2
Shrimp sergestid dried,52.4,3.6,10.2
Shrimp small marine dried,57.4,2.2,3.4
Siganid javan dried,42.5,1.6,0
Slipmouth common dried,36,4.5,0
Slipmouth common dried,42.8,4.7,0
Squid dried,62.3,4.4,0
Sting ray honeycomb dried,49,0.9,1.3
Surgeonfish blue-lined dried,34.7,5.2,0
Swordfish dried,53.5,4,0
Theraponid silvery dried,54.6,13.5,0
Tilapia dried,60.6,7.8,0
Tuna adobo cnd,14,7.6,4
Tuna fillet in soya oil cnd,28.6,21.6,0
Tuna fillet in veg oil cnd,28,15.9,0.6
Tuna flakes in brine cnd,17.9,2.6,0.1
Tuna flakes in veg oil cnd,15.4,26.7,1.7
Tuna mechado cnd,11.1,5.7,6.3
Tuna sardines in oil cnd,16.4,12.5,1.3
Tuna spread cnd,25.2,25.6,0
Tuna frigate dried,52.7,2.4,4.7
Tuna yellow-fin dried,54.5,1.3,0
Egg ant,17.4,3.8,5
Egg chicken white,12.7,0.2,2
Egg chicken whole,12.3,9.4,1.4
Egg chicken whole boiled,14,12,0.6
Egg chicken yolk,14.3,27,3.9
Egg duck white,13.8,0.1,0
Egg duck whole,11.7,12.6,4.1
Egg duck yolk,16.4,31,3.1
Egg quail,11.8,10.6,2.7
Egg quail boiled,11.8,10.4,2.2
Egg duck century,12.5,11.6,15.1
Egg duck fertilized boiled,12.8,12.4,2.2
Egg duck fertilized embryo,9.6,0.7,2.6
Egg duck fertilized white,25.4,0.6,7.6
Egg duck fertilized yolk,14.8,31.2,2.9
Egg duck infertile boiled,13.6,14.4,3.5
Egg duck whole salted,13.6,13.3,4.4
Egg quail pickled,8.1,6.9,1.8
Cheese cheddar pasteurized processed,21.7,22.7,7.8
Cheese cottage,13.2,3,3.6
Cheese filled,16.2,23.4,5.5
Cheese native,13.2,25,5.3
Cheese pimiento,19.9,27.9,5.8
Cheese spread,14,11,13.7
Cream,2.3,23.9,4.2
Ice cream,4.2,9.5,13.7
Ice cream strawberry flvr,3.4,10.9,17.7
Milk drink cultured,1.2,0.2,16
Milk drink recon strawberry UHT,2.9,1.2,10.8
Milk buttermilk,3.5,0.5,6.2
Milk carabao,5.4,9.5,4.3
Milk cow,3.3,3.6,4.8
Milk evaporated,7.7,7.8,11.7
Milk evaporated filled,7.6,4.8,11.6
Milk goat,3.6,4.1,5.3
Milk human,1.4,3.5,7.6
Milk pwdr filled inst,26.2,28,37.8
Milk pwdr full cream,24.1,22.5,45.2
Milk pwdr infant formula,18.3,3,72.2
Milk pwdr non-fat inst,34.9,1,53.1
Milk pwdr skim,40.8,0.8,48
Milk recombined,5.2,5.5,4.2
Milk sweetn cond filled,8.5,7,59.3
Yoghurt,5.3,4.5,5.4
Butter,0.5,85.5,0
Coconut milk,5.5,34.8,1.9
Fat pork,0,100,0
Margarine,0.3,91.9,0.5
Margarine fortified,0.1,90.8,0
Mayonnaise,1.2,78.3,1.4
Oil coconut,0,99.1,0
Oil corn,0,99.6,0
Oil fish,0,100,0
Sandwich spread,0.7,29.4,24.7
Breadfruit candied,0.6,0.5,83.4
Candy bar peanut,20.3,29.9,46.1
Candy bar pili nut,5.7,30.1,60.7
Candy custard,4.1,1.6,87.6
Candy hard,0.1,1.8,96
Candy milk choc,9.8,26.4,60.2
Candy pili nut,7.5,52.7,33.6
Candy pulled,0.6,0.2,95.4
Candy toffee,2.2,0.3,88.8
Carageenan gel assorted fruit-flvr,0,1.2,27.5
Caramelo,0,0,99.5
Champoy,0.3,0.8,95.5
Chocolate tablea,4.3,18.2,75.1
Coco jam,1,1.8,89.2
Creme custard,5.9,4.3,41.4
Fudge durian,13.5,0.2,75.5
Fudge jackfruit,8.9,0.3,79.9
Fudge milk,9.9,1.4,79.5
Fudge yam,8,1.5,75.9
Honey,0.1,0.1,64.1
Ice candy,0,0,16.5
Ice drop,0.6,0.2,19.5
Jam jackfruit & pineapple cnd,0.7,0.1,48.6
Jam mango cnd,0.9,0.2,70.5
Jam pineapple,0.2,1.1,71.7
Jam yam,7.1,0.4,66.1
Jelly guava,0,0.8,84.5
Jelly pineapple,0.1,0.7,75.9
Jelly strawberry,0.1,1,61.4
Masareal,13.9,21.2,59.4
Marshmallow,3,0.3,75.6
Milk choc bar orange crunch,2.7,28.7,66.5
Nata de coco sweetn,0,0.2,36.1
Nata de pi√±a sweetn,0.1,0.2,44.6
Peanut brittle,15,24.2,53.9
Peanut brittle w/ sesame seed,14,27.6,54.4
Peanut milk choc-coated,13.8,25.2,56
Polvoron,6.8,16.4,73.6
Popsicle choc flvr,0.8,0.5,18.8
Sugar brown,0.1,0.3,98.7
Sugar crude pakaskas,2.2,0.2,83.9
Sugar crude panocha,0.2,0.4,92.8
Sugar pwdr,0,0,100
Sugar white refined,0,0,99.9
Syrup,0,0.1,76.8
Syrup molasses cane,1.8,0.4,62.4
Tamarind candied,0.4,0.7,81.7
Wax gourd candied,0.2,0.1,81.2
Sugar coconut sap,1.2,0.1,94.8
Syrup coconut sap,1,0.1,79.1
Bilimbi dried,11.4,9,68.5
Bouillon cube beef,10.4,21.2,13
Bouillon cube chicken,15.3,22.3,11
Catsup banana,0.7,0.2,54
Catsup tomato,1.6,0.6,29.9
Clam paste ginamos,7.5,0.4,8.9
Fish paste anchovy,10,2.5,17.5
Fish paste balatohan,8.1,3.2,25.1
Fish paste ginamos,23.4,1.8,0
Fish paste siganid fry,9.6,1.7,0
Fish sauce,10.6,0.3,0.9
Lechon sauce,1.2,0.3,27.6
Lemon grass lvs,1.4,1.4,23.1
Lemon grass lvs boiled,0.3,0.3,13.2
Banana flowers dried,9.6,1.3,69.6
Oyster paste,3.7,1.8,5.8
Safflower flowers dried,16.2,4.3,59
Salt coarse,0,0,0
Shrimp paste,12.5,1.9,0.1
Shrimp paste alamang,12.4,1,0.6
Shrimp paste bastos,12,0.8,0.4
Soy sauce,3.5,0.1,15
Tomato paste,4.3,0.1,23.4
Tomato sauce,0.9,0.2,10
Vinegar coconut,0,0.1,1.4
Vinegar palm,0.2,0,2.6
Vinegar pineapple,0.1,0.1,1.3
Worcestershire sauce,0.7,0.3,6.3
Shrimp paste sauteed,10.2,32.1,17.7
Beer lager type,0.3,0,3.6
Palm sap fermented,0.2,0.3,7.9
Rum,0,0,0.2
Sugarcane fermented,0,0.1,5
Wine Chinese,0,0,7.4
Ceylon moss/Agar-agar in light syrup,0,2.5,8.3
Choc-flvr drink prep,1.5,0.3,17.7
Choc-flvr drink pwdr,5.7,3.6,84.8
Choc-flvr drink UHT,3,2.1,11.8
Choc-flvr energy drnk granules fortified,11,6.6,75.7
Choc-flvr energy drnk pwdr fortified,13.8,11.6,68
Choc-flvr food milk pwdr,21.7,5,66.7
Cocoa pwdr imported,20,21.1,51
Cocoa pwdr local,21.7,19.8,49.9
Coconut water,0,0.2,5.1
Coffee creamer & sugar (3 in 1),3.6,0.8,92.5
Coffee inst 100% pure,21.6,0.1,60.3
Coffee roasted,15.2,7.1,70.4
Coffee soybean w/ seed coat,39,17.1,32.9
Coffee soybean w/o seed coat,39.5,23,31.8
Fruit jce drnk conc calamansi,0.2,0.6,58.3
Fruit jce drnk conc grape,0.2,0.4,63.2
Fruit jce drnk conc grapefruit,0,1.3,54.6
Fruit jce drnk conc guyabano,0.3,0.3,26.3
Fruit jce drnk conc mango,0.2,0.2,18.2
Fruit jce drnk conc orange,0,0.7,59.5
Fruit jce drnk apple ttb,0.1,0.2,12
Fruit jce drnk citrus cooler ttb,0.1,0.2,11.2
Fruit jce drnk grape ttpk,0.2,0.1,10.8
Fruit jce drnk guava ttpk,0.1,0.3,10.7
Fruit jce drnk guyabano btl,0.1,1,16.3
Fruit jce drnk mango btl,0.2,0.2,13.7
Fruit jce drnk mango polyfoil,0.1,0.2,11.6
Fruit jce drnk mango ttb,0.1,0.2,11.8
Fruit jce drnk orange & pineapple ttb,0.1,0.2,11.2
Fruit jce drnk orange btl,0.2,0.2,10.1
Fruit jce drnk orange polyfoil,0.1,0.2,11.8
Fruit jce drnk orange ttb,0.1,0.2,10.9
Fruit jce drnk pineapple & lychee ttb,0.2,0.5,11.3
Fruit jce drnk pineapple & orange cnd,0.1,0.1,11.6
Fruit jce drnk pineapple ttb,0.2,0.3,10.6
Fruit jce drnk strawberry polyfoil,0,0.2,12
Fruit jce drnk sugarcane ttb,0.2,0.1,12.2
Fruit-flvr drnk conc orange,0.2,0.5,58
Fruit-flvr drnk conc strawberry,0.1,0.7,66.4
Fruit-flvr drnk pwdr orange,0,2.2,96.8
Juice apple cnd,0.1,0.2,15.7
Juice calamansi (nectar),0.1,0.4,36.4
Juice mango,0.4,0.7,12.1
Juice orange unsweetn cnd,0.7,0.3,10.2
Juice pineapple & grapefruit cnd,1.2,0.5,13.4
Juice pineapple cnd,0,0.1,15.3
Juice sugarcane,0.1,0.2,11.9
Juice tomato cnd,0.8,0.2,4.9
Lemon tea drink ttb,0,0.3,12
Sago in light syrup,0,1.2,15.5
Softdrink cola,0,0.1,9.9
Softdrink orange flvr,0,0,11.6
Soy drink pwdr plain,21.8,13.7,59.6
Soy drnk pwdr corn flvr,19.4,13.6,62
Soy drnk pwdr pandan flvr,18.3,6.5,70.6
Soybean milk drink choc-flvr,2.2,0.3,16.1
Soybean milk drnk,2.6,0.8,8.3
Tea lvs dried,21.7,1,65.3
Young coconut (shredded) drnk,0.2,0.2,9
Cheese pimiento sandwich,9.6,8,39.3
Cheese sandwich,11.2,6.2,50.3
Cheeseburger sandwich,11.2,9.5,30
Steamed bun mung bean filling,6.7,2.9,56.4
Steamed bun pork filling,9.2,11.2,39
Glutinous rice w/ mung bean & cocomilk,1.8,3,24
Hamburger sandwich w/ coleslaw,12.1,8.4,30.5
Hamburger sandwich reg,14,9.9,30.1
Meat pie,11.9,24.8,41.1
Meat roll,10.4,10.4,44.4
Rice gruel w/ chicken,2,0.4,12.8
Rice gruel w/ choc & milk,1.7,0.2,22
Rice gruel w/ tripe,2,1.3,8.3
Spaghetti meat balls & tomato sce cnd,4.8,1,13.8
Spaghetti Vienna sausage & tomato sce cnd,2.9,1.7,14.8
Buko pie,4.4,7.2,45.9
Egg pie,9.6,3.5,40
Halu-halo cnd,2.3,0.3,57.4
Halu-halo w/ ice,1,0.3,18.7
Pineapple pie,1.1,0.3,67.9
Pizza pie,10.3,5.8,44.4
Milk fish w/ black beans cnd,18.6,18.7,0
Spring roll crab unckd,5.8,2.6,40.1
Spring roll fish unckd,5.9,0.2,40
Spring roll shrimp unckd,6.3,0.2,43.2
Beef & tomato spread cnd,9.8,11.7,12.1
Beef caldereta cnd,13.3,24.9,1.6
Beef callos cnd,9.6,7.3,9.9
Beef curry cnd,9.5,11.2,6.6
Beef hamburger w/ tomato sce cnd,9.4,4.6,16.5
Beef kare-kare cnd,9,1.1,4.4
Beef roll mechado cnd,11.6,8.7,3.8
Beef roll morcon cnd,13.9,8,14.9
Beef steak cnd,9.6,11.8,4
Beef stew cnd,9.5,11.4,7.1
Beef w/ gravy cnd,12.1,5.8,0
Beef w/ mushroom sce cnd,13.3,3.7,4
Beef w/chickpeas cnd,6.3,3,10.6
Beef chili con carne cnd,7.5,1.8,11.9
Chicken stew cnd,3.6,2.7,8.3
Corned beef hash cnd,8.4,3.1,10.7
Duck meat pato tim cnd,11,8.7,2.8
Meat ball & quail egg sw & sr sce cnd,9.8,13.1,12.4
Pork & chicken adobo cnd,14.5,14.6,0
Pork adobo cnd,10.3,24.8,3.1
Pork adobo w/ egg cnd,13.4,20.2,6.3
Pork afritada cnd,6.3,8.1,6.3
Pork blood stew cnd,14.8,10.6,0
Pork humba cnd,7.1,4.7,14
Pork leg w/ mushroom sce cnd,7.7,19.7,15.7
Pork leg mushroom & chestnut cnd,12,19.6,0.8
Pork leg pinaksiw cnd,13.1,12.1,6.6
Pork pastel cnd,8.8,10.4,4.6
Pork w/ black beans cnd,11.2,16.2,6.1
Pork roasted pinaksiw cnd,12.8,15.2,6.4
Roast beef hash cnd,15,12,8.2
Spring roll beef unckd,7.6,1.2,40.3
Spring roll chicken unckd,5.7,4.8,39.6
Spring roll Shanghai unckd,5.8,10,38.3
Chicken noodle broth inst,1.7,1.8,9.5
Soup beans w/ bacon cond cnd,2.6,0.6,8.6
Soup beef & veg cnd,3.3,2.7,5.7
Soup bird's nest (nido) cond cnd,1.3,2.1,5.3
Soup chicken & asparagus cnd,2.1,0.6,1.5
Soup chicken & veg cnd,1.2,0.3,6.3
Soup chicken & veg cond cnd,2,3.4,5.4
Soup chicken noodle cnd,2.6,1.6,6
Soup corn potage cond cnd,3.5,0.4,18.7
Soup cream of asparagus cond cnd,1.8,4.2,8.5
Soup cream of chicken cond cnd,2.5,2,8.4
Soup cream of mushroom cnd,1.7,6.7,8.7
Soup mungbean w/ shrimp ckd,3.1,0.5,8.3
Soup noodles & beef cond cnd,1.9,2.3,6.7
Soup pansit molo cond cnd,2.4,2.4,5.6
Soup sotanghon cond,0.8,1.4,2.8
Soup turkey noodle cnd,2.4,0.4,7.3
Soup veg alphabet cnd,2,1.4,12
Soup veg cond cnd,1.1,0.4,4.2
Soup vermicelli & chicken cond cnd,1.3,1.2,5.5
Pork & beans cnd,4.7,1.8,17.6
Hotcake prep w/ MLP,5.3,7.1,39.3
Polvoron prep w/ MLP,9.2,23.4,62.3
Gelatin drink w/ MLP,0.9,0.8,13
Ice candy prep w/ MLP,1.4,1.1,20.1
Yacon shake prep,0.2,0.2,18.7
Carbonara prep w/ MLP,5.5,6.4,17.2
Fruit salad prep w/ yacon,0.4,0.3,14.3
Macaroni salad prep w/ yacon,3.4,14.9,10.7
Waldorf salad prep w/ yacon,1.8,11.8,16
Anchovy fry omelet prep w/ MLP,13.1,12.8,4.5
Red snapper fritata prep w/ MLP,15.3,19.5,5.7
Chopsuey prep w/ yacon,2.7,2.8,8.5
Wonton soup prep w/ MLP,5,5.3,6.3
Pork wonton prep w/ MLP,13.3,10.2,18
Scrambled egg prep w/ MLP,10,16.5,4.6
Shanghai pork roll prep w/ yacon,10.3,15.5,26
Fried rice mix w/ yacon,3,4,23.1
Vegetable stir-fry w/ quail eggs prep w/ yacon,4.2,6,8.6
Vegetable soup prep w/ yacon,1.6,0.8,5.1
Vegetable spring roll fresh w/ yacon,3.8,4.2,23.6
Pork ball wrapped,10.5,16.7,26.4
Beef w/ veg str,3.8,0.3,7.5
Beef egg noodle veg str,2.8,0.1,7.3
Carrot str,0.6,0.1,4.8
Cereals applesce & banana str,1,0.8,18.2
Chicken noodle str,2.6,0.4,8.9
Chicken w/ veg str,8.8,5.4,6.9
Chicken asparagus str,7.9,0.8,0
Cream chicken soup str,1.8,0.5,9
Custard pudding choco str,1.4,0.8,18.6
Custard pudding vanilla str,1.3,1.1,19.7
Fruit w/ tapioca str,0.2,1,20.4
Mango & papaya str,0.2,0.3,21.8
Mango str,0.2,1.2,18.8
Mixed fruits str,0.2,0.9,20.3
Mixed veg str,1.4,0.2,8.7
Peach str,0.6,0.3,26.6
Rice w/ chicken str,1.6,0.6,8.6
Squash str,0.4,0.1,7.5
Veg liver & bacon str,2.1,0.9,7.6
Azolla pinnata,1.4,0.4,2.1
Baking powder,0.2,0.3,40.7
Ceylon moss/Agar-agar bar,2.6,0.3,74.5
Coffee creamer non-dairy,4.1,0.7,91.9
Chlorella,53.3,4.9,23.4
Gelatin powder,85.4,1,0
Rice washing,0.1,0.2,1
Yeast baker's active dry,37.2,1.3,50.5
Coconut meat grated sweetn,2.2,2.1,92.8
Ginger,1.1,0.8,8.5
Turmeric,2,2.7,9.6
Egg mass sea hare,2.4,0.2,1.3
Tea prep w/ water no sugar,0.1,0,0.2
Locust,13.7,4.3,13.4